data,id_produto,quantidade_vendida,preco_unitario,regiao
2024-01-07,P016,16,290.15,Centro-Oeste
2024-01-07,P011,10,545.93,Sul
2024-01-07,P020,17,222.17,Sul
2024-01-07,P008,18,61.78,Norte
2024-01-07,P010,20,162.39,Centro-Oeste
2024-01-07,P019,3,551.01,Nordeste
2024-01-07,P011,7,274.31,Norte
2024-01-07,P003,10,545.3,Nordeste
2024-01-07,P004,20,38.37,Nordeste
2024-01-07,P001,20,103.06,Sul
2024-01-07,P009,17,442.32,Sul
2024-01-07,P020,14,175.17,Centro-Oeste
2024-01-07,P009,12,153.61,Nordeste
2024-01-07,P004,11,482.68,Centro-Oeste
2024-01-07,P011,2,770.84,Centro-Oeste
2024-01-07,P019,9,459.19,Sudeste
2024-01-07,P006,15,797.68,Nordeste
2024-01-07,P001,14,335.73,Nordeste
2024-01-07,P004,20,126.73,Norte
2024-01-07,P004,19,184.78,Centro-Oeste
2024-01-07,P016,2,706.4,Sudeste
2024-01-07,P019,4,670.62,Centro-Oeste
2024-01-07,P012,14,434.37,Norte
2024-01-07,P014,1,151.35,Norte
2024-01-07,P007,20,270.17,Sul
2024-01-07,P004,13,551.49,Sudeste
2024-01-07,P012,5,601.27,Nordeste
2024-01-07,P005,13,566.02,Sudeste
2024-01-07,P017,14,477.68,Nordeste
2024-01-07,P007,5,183.44,Norte
2024-01-14,P001,16,343.6,Sudeste
2024-01-14,P020,13,33.68,Nordeste
2024-01-14,P007,17,687.23,Norte
2024-01-14,P012,6,64.09,Sudeste
2024-01-14,P017,8,221.87,Nordeste
2024-01-14,P011,7,111.32,Centro-Oeste
2024-01-14,P017,4,62.43,Norte
2024-01-14,P004,16,693.52,Centro-Oeste
2024-01-14,P010,6,544.26,Sudeste
2024-01-14,P011,15,378.05,Nordeste
2024-01-14,P013,20,180.69,Centro-Oeste
2024-01-14,P011,3,403.35,Sudeste
2024-01-14,P016,14,327.22,Centro-Oeste
2024-01-14,P005,19,323.09,Sul
2024-01-14,P004,9,299.32,Norte
2024-01-14,P002,4,592.01,Nordeste
2024-01-14,P005,12,763.34,Sudeste
2024-01-14,P005,17,57.23,Centro-Oeste
2024-01-14,P006,17,324.05,Nordeste
2024-01-14,P003,20,468.08,Sudeste
2024-01-14,P017,17,772.04,Sudeste
2024-01-14,P020,15,439.88,Norte
2024-01-14,P001,17,49.66,Centro-Oeste
2024-01-14,P007,14,643.01,Norte
2024-01-14,P004,20,729.99,Centro-Oeste
2024-01-14,P013,7,709.7,Norte
2024-01-14,P015,16,45.78,Sul
2024-01-14,P010,10,46.55,Sul
2024-01-14,P018,20,337.72,Nordeste
2024-01-14,P013,4,355.62,Sul
2024-01-21,P018,12,522.68,Sudeste
2024-01-21,P008,15,792.78,Norte
2024-01-21,P001,7,619.67,Sudeste
2024-01-21,P015,3,284.42,Nordeste
2024-01-21,P001,19,252.94,Sul
2024-01-21,P018,4,462.29,Sudeste
2024-01-21,P002,14,369.29,Sudeste
2024-01-21,P015,13,371.25,Sudeste
2024-01-21,P005,8,260.18,Sul
2024-01-21,P001,5,280.52,Nordeste
2024-01-21,P018,19,613.36,Sul
2024-01-21,P019,1,663.96,Centro-Oeste
2024-01-21,P017,11,287.2,Centro-Oeste
2024-01-21,P006,5,678.93,Norte
2024-01-21,P020,7,363.28,Sudeste
2024-01-21,P017,4,685.88,Centro-Oeste
2024-01-21,P012,19,408.43,Sul
2024-01-21,P002,8,686.73,Norte
2024-01-21,P005,1,152.49,Norte
2024-01-21,P011,4,445.57,Centro-Oeste
2024-01-21,P014,6,376.48,Centro-Oeste
2024-01-21,P006,17,503.27,Sul
2024-01-21,P008,1,355.11,Centro-Oeste
2024-01-21,P005,15,46.42,Sul
2024-01-21,P015,8,577.79,Norte
2024-01-21,P003,18,196.35,Sul
2024-01-21,P014,13,376.66,Sul
2024-01-21,P012,19,746.11,Sudeste
2024-01-21,P007,2,198.03,Norte
2024-01-21,P017,16,472.59,Norte
2024-01-28,P014,7,484.01,Centro-Oeste
2024-01-28,P005,8,219.98,Sul
2024-01-28,P012,10,450.75,Norte
2024-01-28,P016,10,618.75,Sul
2024-01-28,P002,6,345.74,Nordeste
2024-01-28,P015,11,481.48,Centro-Oeste
2024-01-28,P017,3,467.95,Sul
2024-01-28,P014,9,737.5,Centro-Oeste
2024-01-28,P006,9,731.67,Centro-Oeste
2024-01-28,P019,14,430.7,Sul
2024-01-28,P005,17,99.03,Norte
2024-01-28,P010,14,208.93,Sudeste
2024-01-28,P013,5,662.77,Nordeste
2024-01-28,P016,6,424.81,Norte
2024-01-28,P005,20,699.85,Sul
2024-01-28,P013,14,99.05,Nordeste
2024-01-28,P012,19,94.75,Centro-Oeste
2024-01-28,P019,13,500.07,Sul
2024-01-28,P004,16,672.86,Centro-Oeste
2024-01-28,P017,2,306.27,Nordeste
2024-01-28,P015,13,386.52,Sudeste
2024-01-28,P007,10,703.13,Sudeste
2024-01-28,P018,12,565.66,Nordeste
2024-01-28,P007,13,91.39,Norte
2024-01-28,P009,16,691.31,Sul
2024-01-28,P007,4,328.07,Sudeste
2024-01-28,P010,14,286.12,Sudeste
2024-01-28,P001,6,53.28,Centro-Oeste
2024-01-28,P004,6,155.26,Centro-Oeste
2024-01-28,P013,14,790.69,Sudeste
2024-02-04,P011,13,366.86,Centro-Oeste
2024-02-04,P004,1,683.15,Sudeste
2024-02-04,P003,12,399.96,Norte
2024-02-04,P015,6,76.87,Centro-Oeste
2024-02-04,P014,6,456.57,Centro-Oeste
2024-02-04,P017,11,361.2,Sul
2024-02-04,P006,9,700.98,Nordeste
2024-02-04,P015,18,98.12,Centro-Oeste
2024-02-04,P004,14,37.1,Norte
2024-02-04,P013,19,165.52,Nordeste
2024-02-04,P010,7,331.91,Centro-Oeste
2024-02-04,P017,16,108.68,Sul
2024-02-04,P004,3,771.52,Sudeste
2024-02-04,P003,16,107.1,Sul
2024-02-04,P011,16,126.43,Centro-Oeste
2024-02-04,P015,4,210.75,Sudeste
2024-02-04,P017,18,765.23,Sul
2024-02-04,P017,1,458.65,Norte
2024-02-04,P006,18,268.33,Sul
2024-02-04,P019,10,159.7,Centro-Oeste
2024-02-04,P004,4,372.97,Centro-Oeste
2024-02-04,P013,16,88.85,Nordeste
2024-02-04,P019,11,46.95,Nordeste
2024-02-04,P018,19,612.76,Centro-Oeste
2024-02-04,P009,3,349.56,Sul
2024-02-04,P007,14,650.42,Nordeste
2024-02-04,P005,3,776.84,Centro-Oeste
2024-02-04,P017,1,83.12,Norte
2024-02-04,P017,13,244.98,Nordeste
2024-02-04,P017,1,560.8,Sul
2024-02-11,P018,9,731.6,Centro-Oeste
2024-02-11,P018,12,599.76,Centro-Oeste
2024-02-11,P018,15,297.09,Sul
2024-02-11,P011,11,402.59,Norte
2024-02-11,P018,17,190.51,Sul
2024-02-11,P020,18,620.12,Sudeste
2024-02-11,P015,13,600.56,Sudeste
2024-02-11,P017,8,664.08,Sul
2024-02-11,P006,15,220.49,Sul
2024-02-11,P005,17,152.83,Sudeste
2024-02-11,P001,2,237.1,Norte
2024-02-11,P017,7,514.36,Norte
2024-02-11,P009,6,145.61,Norte
2024-02-11,P018,1,439.36,Sul
2024-02-11,P020,13,688.35,Sul
2024-02-11,P013,7,124.52,Centro-Oeste
2024-02-11,P009,1,136.72,Sul
2024-02-11,P003,18,88.2,Sudeste
2024-02-11,P013,20,564.8,Sul
2024-02-11,P001,20,95.02,Norte
2024-02-11,P017,1,558.78,Centro-Oeste
2024-02-11,P002,15,277.5,Centro-Oeste
2024-02-11,P004,6,303.12,Centro-Oeste
2024-02-11,P020,11,668.5,Nordeste
2024-02-11,P017,10,424.85,Sul
2024-02-11,P001,18,525.83,Sul
2024-02-11,P011,5,336.05,Sudeste
2024-02-11,P002,1,566.36,Norte
2024-02-11,P005,18,443.83,Sudeste
2024-02-11,P018,5,140.26,Sul
2024-02-18,P009,19,182.14,Centro-Oeste
2024-02-18,P017,9,487.01,Sudeste
2024-02-18,P016,13,138.86,Centro-Oeste
2024-02-18,P002,15,136.09,Norte
2024-02-18,P008,10,642.97,Sudeste
2024-02-18,P003,11,652.94,Nordeste
2024-02-18,P015,2,332.64,Sudeste
2024-02-18,P005,20,541.15,Norte
2024-02-18,P004,12,715.93,Centro-Oeste
2024-02-18,P018,7,529.86,Sudeste
2024-02-18,P010,5,527.07,Centro-Oeste
2024-02-18,P017,8,279.09,Sul
2024-02-18,P013,15,544.35,Sudeste
2024-02-18,P006,8,204.7,Sudeste
2024-02-18,P014,15,333.34,Sul
2024-02-18,P006,9,311.37,Nordeste
2024-02-18,P001,9,253.06,Nordeste
2024-02-18,P017,8,698.15,Centro-Oeste
2024-02-18,P003,15,260.85,Centro-Oeste
2024-02-18,P008,12,307.98,Nordeste
2024-02-18,P005,15,630.54,Centro-Oeste
2024-02-18,P016,1,550.22,Sudeste
2024-02-18,P020,11,612.66,Sudeste
2024-02-18,P007,1,278.95,Sudeste
2024-02-18,P007,18,174.47,Sul
2024-02-18,P002,4,592.93,Norte
2024-02-18,P010,17,613.27,Norte
2024-02-18,P006,5,752.93,Sudeste
2024-02-18,P006,10,269.91,Norte
2024-02-18,P014,9,784.32,Sul
2024-02-25,P002,20,602.05,Sudeste
2024-02-25,P007,18,566.97,Sul
2024-02-25,P008,11,143.19,Sul
2024-02-25,P017,13,413.32,Nordeste
2024-02-25,P013,8,373.04,Nordeste
2024-02-25,P002,14,565.92,Norte
2024-02-25,P006,3,105.95,Sudeste
2024-02-25,P019,15,482.73,Sul
2024-02-25,P013,13,347.73,Centro-Oeste
2024-02-25,P010,9,190.79,Sul
2024-02-25,P006,17,45.6,Norte
2024-02-25,P017,14,470.68,Nordeste
2024-02-25,P018,17,696.47,Sul
2024-02-25,P009,13,604.61,Nordeste
2024-02-25,P011,6,412.14,Norte
2024-02-25,P009,7,186.87,Centro-Oeste
2024-02-25,P013,10,517.39,Nordeste
2024-02-25,P018,3,439.08,Sul
2024-02-25,P009,13,575.37,Sul
2024-02-25,P002,16,580.54,Sudeste
2024-02-25,P009,12,641.87,Norte
2024-02-25,P006,8,79.27,Sul
2024-02-25,P001,1,672.12,Sudeste
2024-02-25,P002,13,515.26,Norte
2024-02-25,P014,7,367.19,Sul
2024-02-25,P004,18,241.88,Nordeste
2024-02-25,P008,17,492.85,Sul
2024-02-25,P013,17,342.02,Sul
2024-02-25,P003,3,293.35,Centro-Oeste
2024-02-25,P011,16,703.85,Norte
2024-03-03,P008,8,760.85,Norte
2024-03-03,P007,15,310.78,Sul
2024-03-03,P017,9,576.87,Nordeste
2024-03-03,P019,16,779.03,Norte
2024-03-03,P016,16,217.95,Centro-Oeste
2024-03-03,P010,13,799.32,Nordeste
2024-03-03,P018,9,740.58,Sul
2024-03-03,P001,12,482.95,Centro-Oeste
2024-03-03,P011,4,143.22,Sul
2024-03-03,P012,13,486.61,Sul
2024-03-03,P009,1,312.82,Sudeste
2024-03-03,P010,6,309.57,Centro-Oeste
2024-03-03,P010,8,746.02,Nordeste
2024-03-03,P014,17,38.31,Sudeste
2024-03-03,P009,4,74.29,Norte
2024-03-03,P010,2,281.8,Nordeste
2024-03-03,P009,16,556.01,Centro-Oeste
2024-03-03,P005,15,209.67,Centro-Oeste
2024-03-03,P011,18,295.44,Sudeste
2024-03-03,P019,4,437.26,Centro-Oeste
2024-03-03,P016,4,396.35,Nordeste
2024-03-03,P018,2,336.78,Centro-Oeste
2024-03-03,P010,13,174.43,Sudeste
2024-03-03,P013,6,519.87,Centro-Oeste
2024-03-03,P014,18,307.59,Sudeste
2024-03-03,P002,19,417.19,Nordeste
2024-03-03,P011,2,491.6,Sul
2024-03-03,P009,17,525.5,Nordeste
2024-03-03,P004,13,197.41,Norte
2024-03-03,P006,2,788.18,Centro-Oeste
2024-03-10,P014,16,151.08,Centro-Oeste
2024-03-10,P016,7,458.8,Sul
2024-03-10,P006,2,626.41,Nordeste
2024-03-10,P018,15,756.65,Nordeste
2024-03-10,P019,3,145.02,Sul
2024-03-10,P019,5,546.31,Sul
2024-03-10,P016,18,415.3,Sul
2024-03-10,P017,4,555.63,Sudeste
2024-03-10,P001,17,276.27,Nordeste
2024-03-10,P015,9,607.85,Sul
2024-03-10,P016,14,99.62,Sudeste
2024-03-10,P012,17,336.66,Nordeste
2024-03-10,P019,20,486.95,Norte
2024-03-10,P008,17,107.25,Sul
2024-03-10,P007,19,454.24,Centro-Oeste
2024-03-10,P008,5,758.43,Nordeste
2024-03-10,P003,11,558.22,Sul
2024-03-10,P007,2,735.29,Nordeste
2024-03-10,P014,19,257.54,Nordeste
2024-03-10,P005,6,511.22,Sudeste
2024-03-10,P006,17,667.88,Sudeste
2024-03-10,P008,2,130.35,Nordeste
2024-03-10,P002,4,209.43,Sul
2024-03-10,P018,13,478.5,Nordeste
2024-03-10,P018,3,647.45,Centro-Oeste
2024-03-10,P008,5,691.34,Sul
2024-03-10,P018,6,376.99,Centro-Oeste
2024-03-10,P010,5,481.22,Centro-Oeste
2024-03-10,P001,20,62.81,Centro-Oeste
2024-03-10,P008,17,495.02,Sul
2024-03-17,P010,2,222.39,Nordeste
2024-03-17,P001,14,705.25,Sudeste
2024-03-17,P016,18,131.97,Sudeste
2024-03-17,P018,12,600.79,Norte
2024-03-17,P017,6,38.42,Sul
2024-03-17,P017,7,332.14,Sudeste
2024-03-17,P002,19,776.67,Sul
2024-03-17,P010,17,32.16,Sudeste
2024-03-17,P003,7,621.84,Norte
2024-03-17,P015,15,407.13,Norte
2024-03-17,P013,12,735.2,Centro-Oeste
2024-03-17,P017,2,738.5,Nordeste
2024-03-17,P017,5,271.85,Sudeste
2024-03-17,P008,13,422.23,Sudeste
2024-03-17,P007,7,618.04,Centro-Oeste
2024-03-17,P010,6,471.07,Centro-Oeste
2024-03-17,P017,2,486.62,Sudeste
2024-03-17,P009,7,209.56,Centro-Oeste
2024-03-17,P001,16,307.36,Nordeste
2024-03-17,P008,7,387.05,Sul
2024-03-17,P007,15,363.08,Norte
2024-03-17,P009,14,460.45,Norte
2024-03-17,P011,4,484.71,Sudeste
2024-03-17,P019,17,181.22,Nordeste
2024-03-17,P012,19,758.68,Sul
2024-03-17,P004,18,722.07,Norte
2024-03-17,P002,11,432.95,Norte
2024-03-17,P018,11,753.76,Norte
2024-03-17,P010,18,30.34,Nordeste
2024-03-17,P015,3,50.92,Sudeste
2024-03-24,P014,8,309.52,Norte
2024-03-24,P005,7,645.21,Centro-Oeste
2024-03-24,P013,8,318.08,Nordeste
2024-03-24,P017,4,145.24,Norte
2024-03-24,P005,18,675.41,Centro-Oeste
2024-03-24,P011,18,648.58,Centro-Oeste
2024-03-24,P016,2,689.77,Centro-Oeste
2024-03-24,P007,5,794.36,Sudeste
2024-03-24,P004,7,316.87,Nordeste
2024-03-24,P007,15,462.43,Sudeste
2024-03-24,P009,14,677.23,Sul
2024-03-24,P012,16,675.94,Centro-Oeste
2024-03-24,P007,16,739.82,Sul
2024-03-24,P013,17,142.9,Norte
2024-03-24,P011,5,320.5,Sudeste
2024-03-24,P001,4,236.5,Sudeste
2024-03-24,P019,4,589.19,Sudeste
2024-03-24,P003,3,150.15,Sudeste
2024-03-24,P015,4,446.18,Nordeste
2024-03-24,P002,10,135.58,Nordeste
2024-03-24,P018,5,650.44,Sudeste
2024-03-24,P010,12,589.8,Sudeste
2024-03-24,P009,2,616.67,Sul
2024-03-24,P001,2,600.65,Centro-Oeste
2024-03-24,P010,15,382.21,Nordeste
2024-03-24,P002,1,65.06,Nordeste
2024-03-24,P002,20,324.4,Norte
2024-03-24,P007,7,539.98,Norte
2024-03-24,P002,3,106.95,Nordeste
2024-03-24,P013,16,412.64,Centro-Oeste
2024-03-31,P012,10,445.75,Centro-Oeste
2024-03-31,P005,17,487.37,Centro-Oeste
2024-03-31,P020,15,334.98,Norte
2024-03-31,P007,8,498.74,Nordeste
2024-03-31,P005,9,608.69,Sudeste
2024-03-31,P005,10,45.82,Nordeste
2024-03-31,P018,17,533.3,Sul
2024-03-31,P014,5,65.0,Centro-Oeste
2024-03-31,P004,2,676.34,Sudeste
2024-03-31,P005,8,230.52,Nordeste
2024-03-31,P015,7,697.0,Centro-Oeste
2024-03-31,P010,12,396.78,Centro-Oeste
2024-03-31,P005,4,387.35,Sudeste
2024-03-31,P018,13,160.03,Sul
2024-03-31,P011,20,569.44,Centro-Oeste
2024-03-31,P006,1,335.94,Sul
2024-03-31,P013,9,146.45,Centro-Oeste
2024-03-31,P002,19,391.58,Norte
2024-03-31,P012,4,447.04,Sudeste
2024-03-31,P001,16,540.13,Centro-Oeste
2024-03-31,P001,20,227.93,Norte
2024-03-31,P020,12,205.1,Norte
2024-03-31,P003,16,611.39,Sudeste
2024-03-31,P017,6,443.93,Sudeste
2024-03-31,P009,7,235.81,Centro-Oeste
2024-03-31,P013,19,114.75,Nordeste
2024-03-31,P020,10,333.11,Norte
2024-03-31,P006,13,477.34,Sul
2024-03-31,P009,3,737.8,Sul
2024-03-31,P009,15,729.9,Norte
2024-04-07,P008,18,346.74,Sudeste
2024-04-07,P010,8,747.31,Sudeste
2024-04-07,P005,18,484.6,Sudeste
2024-04-07,P007,10,709.69,Sul
2024-04-07,P005,14,611.13,Sul
2024-04-07,P014,17,646.68,Centro-Oeste
2024-04-07,P014,3,334.74,Centro-Oeste
2024-04-07,P001,11,759.17,Sul
2024-04-07,P010,9,381.48,Sul
2024-04-07,P006,11,191.61,Nordeste
2024-04-07,P005,19,730.33,Centro-Oeste
2024-04-07,P006,3,611.24,Sul
2024-04-07,P019,3,507.84,Centro-Oeste
2024-04-07,P015,16,728.87,Sul
2024-04-07,P018,12,391.39,Sudeste
2024-04-07,P009,8,173.82,Sul
2024-04-07,P001,2,166.16,Nordeste
2024-04-07,P006,1,202.38,Sudeste
2024-04-07,P005,7,326.29,Nordeste
2024-04-07,P011,1,728.41,Centro-Oeste
2024-04-07,P009,2,728.03,Centro-Oeste
2024-04-07,P002,18,166.74,Norte
2024-04-07,P011,7,700.19,Nordeste
2024-04-07,P007,5,160.02,Nordeste
2024-04-07,P008,5,333.72,Centro-Oeste
2024-04-07,P015,11,505.74,Sudeste
2024-04-07,P016,2,478.77,Nordeste
2024-04-07,P015,7,308.08,Sul
2024-04-07,P020,3,329.72,Norte
2024-04-07,P015,15,537.59,Centro-Oeste
2024-04-14,P005,6,140.69,Nordeste
2024-04-14,P020,2,288.9,Norte
2024-04-14,P007,17,75.17,Sul
2024-04-14,P005,14,699.54,Nordeste
2024-04-14,P017,8,627.12,Norte
2024-04-14,P006,17,642.03,Sul
2024-04-14,P010,9,547.38,Sudeste
2024-04-14,P003,7,506.71,Centro-Oeste
2024-04-14,P011,15,553.67,Sul
2024-04-14,P001,17,200.99,Norte
2024-04-14,P007,1,344.46,Nordeste
2024-04-14,P008,5,298.34,Sudeste
2024-04-14,P018,17,300.05,Nordeste
2024-04-14,P002,12,425.42,Sudeste
2024-04-14,P001,17,115.67,Nordeste
2024-04-14,P011,9,567.09,Sul
2024-04-14,P016,2,180.39,Centro-Oeste
2024-04-14,P008,14,510.76,Sudeste
2024-04-14,P018,11,757.24,Norte
2024-04-14,P003,14,759.72,Centro-Oeste
2024-04-14,P005,5,669.72,Norte
2024-04-14,P020,18,343.54,Sudeste
2024-04-14,P015,18,290.55,Sul
2024-04-14,P004,11,761.17,Sudeste
2024-04-14,P012,15,711.75,Nordeste
2024-04-14,P002,6,282.42,Norte
2024-04-14,P016,17,770.24,Sudeste
2024-04-14,P005,15,733.56,Sul
2024-04-14,P003,6,493.01,Sudeste
2024-04-14,P012,16,587.74,Norte
2024-04-21,P016,3,589.84,Nordeste
2024-04-21,P013,3,51.63,Norte
2024-04-21,P004,16,163.37,Sul
2024-04-21,P019,15,118.47,Sudeste
2024-04-21,P011,4,532.29,Norte
2024-04-21,P003,1,228.35,Centro-Oeste
2024-04-21,P001,15,561.64,Sudeste
2024-04-21,P011,17,669.13,Sudeste
2024-04-21,P001,6,530.39,Centro-Oeste
2024-04-21,P019,10,701.82,Centro-Oeste
2024-04-21,P002,2,45.01,Sul
2024-04-21,P018,6,408.47,Sudeste
2024-04-21,P010,2,634.5,Norte
2024-04-21,P008,19,386.03,Sul
2024-04-21,P015,20,369.19,Nordeste
2024-04-21,P008,15,646.53,Nordeste
2024-04-21,P011,6,492.13,Nordeste
2024-04-21,P002,12,341.69,Sul
2024-04-21,P009,10,498.77,Centro-Oeste
2024-04-21,P003,11,188.7,Norte
2024-04-21,P008,5,370.44,Sul
2024-04-21,P013,3,750.28,Centro-Oeste
2024-04-21,P019,7,414.61,Centro-Oeste
2024-04-21,P005,15,201.34,Nordeste
2024-04-21,P015,12,733.48,Nordeste
2024-04-21,P009,6,93.13,Sudeste
2024-04-21,P011,2,700.92,Sul
2024-04-21,P015,5,160.57,Sul
2024-04-21,P017,19,791.16,Sul
2024-04-21,P013,19,621.95,Norte
2024-04-28,P008,10,341.15,Sul
2024-04-28,P005,12,36.96,Centro-Oeste
2024-04-28,P017,6,308.53,Norte
2024-04-28,P004,4,98.21,Centro-Oeste
2024-04-28,P014,13,397.15,Nordeste
2024-04-28,P020,11,256.27,Norte
2024-04-28,P001,1,120.4,Sul
2024-04-28,P015,5,148.48,Sul
2024-04-28,P016,1,412.01,Centro-Oeste
2024-04-28,P006,19,97.0,Nordeste
2024-04-28,P009,16,32.53,Norte
2024-04-28,P013,12,794.8,Norte
2024-04-28,P013,18,254.29,Nordeste
2024-04-28,P018,5,238.85,Sul
2024-04-28,P009,15,348.75,Centro-Oeste
2024-04-28,P020,11,497.43,Nordeste
2024-04-28,P008,17,603.82,Norte
2024-04-28,P011,1,257.76,Nordeste
2024-04-28,P004,16,403.83,Sudeste
2024-04-28,P009,5,203.18,Centro-Oeste
2024-04-28,P012,14,729.4,Sudeste
2024-04-28,P004,13,639.74,Centro-Oeste
2024-04-28,P011,11,681.21,Sul
2024-04-28,P001,13,349.65,Norte
2024-04-28,P004,7,187.56,Sudeste
2024-04-28,P016,4,309.93,Nordeste
2024-04-28,P014,17,794.88,Sul
2024-04-28,P012,17,697.72,Sudeste
2024-04-28,P016,17,231.61,Centro-Oeste
2024-04-28,P017,11,644.21,Norte
2024-05-05,P010,9,148.68,Norte
2024-05-05,P009,3,81.98,Nordeste
2024-05-05,P015,1,454.07,Norte
2024-05-05,P006,9,650.01,Sul
2024-05-05,P008,4,650.9,Sudeste
2024-05-05,P014,18,175.18,Centro-Oeste
2024-05-05,P006,5,523.48,Nordeste
2024-05-05,P003,8,640.1,Nordeste
2024-05-05,P007,9,530.3,Nordeste
2024-05-05,P019,12,687.65,Sul
2024-05-05,P006,7,635.75,Centro-Oeste
2024-05-05,P015,2,500.65,Sudeste
2024-05-05,P016,3,766.28,Sudeste
2024-05-05,P017,11,160.49,Sul
2024-05-05,P017,4,87.12,Norte
2024-05-05,P017,20,169.06,Norte
2024-05-05,P004,8,380.72,Sudeste
2024-05-05,P012,19,340.55,Nordeste
2024-05-05,P012,9,341.03,Nordeste
2024-05-05,P018,12,36.19,Nordeste
2024-05-05,P020,9,341.35,Norte
2024-05-05,P020,15,159.1,Sudeste
2024-05-05,P003,17,488.6,Sul
2024-05-05,P010,16,611.93,Sudeste
2024-05-05,P004,16,437.71,Sudeste
2024-05-05,P001,5,670.26,Nordeste
2024-05-05,P009,20,506.02,Sul
2024-05-05,P012,2,417.46,Centro-Oeste
2024-05-05,P020,6,88.53,Nordeste
2024-05-05,P019,3,652.04,Nordeste
2024-05-12,P011,13,182.87,Sudeste
2024-05-12,P017,2,264.35,Sul
2024-05-12,P018,12,662.19,Nordeste
2024-05-12,P013,16,263.18,Norte
2024-05-12,P017,6,652.74,Nordeste
2024-05-12,P004,17,640.82,Sul
2024-05-12,P001,2,593.04,Sul
2024-05-12,P016,9,103.21,Nordeste
2024-05-12,P016,20,212.31,Sul
2024-05-12,P005,11,639.71,Norte
2024-05-12,P014,1,681.0,Sul
2024-05-12,P005,7,517.41,Sul
2024-05-12,P017,20,81.46,Centro-Oeste
2024-05-12,P011,4,662.55,Nordeste
2024-05-12,P020,4,304.17,Sudeste
2024-05-12,P002,14,339.06,Sul
2024-05-12,P010,1,334.58,Norte
2024-05-12,P019,1,72.86,Centro-Oeste
2024-05-12,P014,18,488.17,Sudeste
2024-05-12,P005,5,538.13,Centro-Oeste
2024-05-12,P011,1,282.65,Nordeste
2024-05-12,P007,7,795.01,Centro-Oeste
2024-05-12,P003,15,692.43,Centro-Oeste
2024-05-12,P008,16,436.18,Norte
2024-05-12,P011,19,730.56,Nordeste
2024-05-12,P017,11,78.22,Sul
2024-05-12,P014,3,541.83,Norte
2024-05-12,P010,7,149.92,Sul
2024-05-12,P012,18,421.94,Nordeste
2024-05-12,P003,4,376.44,Sudeste
2024-05-19,P007,6,288.96,Nordeste
2024-05-19,P016,4,273.47,Nordeste
2024-05-19,P007,15,232.03,Sudeste
2024-05-19,P009,4,160.39,Sul
2024-05-19,P015,15,215.06,Centro-Oeste
2024-05-19,P011,3,31.7,Norte
2024-05-19,P019,2,689.0,Sudeste
2024-05-19,P013,6,723.52,Sul
2024-05-19,P001,20,382.12,Norte
2024-05-19,P007,15,568.67,Sul
2024-05-19,P013,20,369.43,Norte
2024-05-19,P020,17,323.07,Sul
2024-05-19,P020,19,729.78,Sul
2024-05-19,P003,2,345.92,Centro-Oeste
2024-05-19,P017,18,685.18,Nordeste
2024-05-19,P019,3,681.22,Sudeste
2024-05-19,P019,10,193.84,Norte
2024-05-19,P002,18,201.74,Nordeste
2024-05-19,P007,16,754.68,Sul
2024-05-19,P001,1,769.35,Centro-Oeste
2024-05-19,P003,20,275.33,Sul
2024-05-19,P007,14,251.49,Sul
2024-05-19,P013,1,561.42,Nordeste
2024-05-19,P011,11,71.55,Nordeste
2024-05-19,P012,7,295.84,Centro-Oeste
2024-05-19,P020,20,437.34,Sul
2024-05-19,P013,6,243.11,Nordeste
2024-05-19,P018,11,537.47,Centro-Oeste
2024-05-19,P020,3,584.26,Sudeste
2024-05-19,P004,3,171.06,Centro-Oeste
2024-05-26,P006,17,244.72,Centro-Oeste
2024-05-26,P019,20,228.37,Nordeste
2024-05-26,P010,2,498.79,Centro-Oeste
2024-05-26,P009,8,514.91,Norte
2024-05-26,P012,12,713.25,Centro-Oeste
2024-05-26,P011,12,484.25,Sul
2024-05-26,P006,1,163.57,Norte
2024-05-26,P004,5,522.88,Centro-Oeste
2024-05-26,P011,2,32.24,Nordeste
2024-05-26,P016,3,636.83,Sudeste
2024-05-26,P008,8,448.11,Sul
2024-05-26,P005,18,388.18,Norte
2024-05-26,P002,11,443.78,Norte
2024-05-26,P015,6,703.76,Sul
2024-05-26,P008,10,601.22,Centro-Oeste
2024-05-26,P015,4,609.37,Centro-Oeste
2024-05-26,P003,3,198.57,Norte
2024-05-26,P003,5,563.72,Nordeste
2024-05-26,P012,5,402.92,Sudeste
2024-05-26,P013,14,425.99,Nordeste
2024-05-26,P014,17,612.86,Sul
2024-05-26,P005,10,756.47,Norte
2024-05-26,P019,11,248.63,Sudeste
2024-05-26,P018,15,619.32,Sul
2024-05-26,P009,6,700.59,Sul
2024-05-26,P013,4,426.96,Centro-Oeste
2024-05-26,P007,16,628.48,Nordeste
2024-05-26,P018,3,355.33,Norte
2024-05-26,P001,1,131.51,Centro-Oeste
2024-05-26,P001,4,65.5,Centro-Oeste
2024-06-02,P008,4,271.25,Centro-Oeste
2024-06-02,P003,4,450.9,Sul
2024-06-02,P010,6,572.08,Norte
2024-06-02,P004,15,105.05,Sul
2024-06-02,P020,12,622.39,Centro-Oeste
2024-06-02,P011,14,600.86,Nordeste
2024-06-02,P012,6,376.92,Centro-Oeste
2024-06-02,P018,14,499.89,Centro-Oeste
2024-06-02,P005,7,448.13,Nordeste
2024-06-02,P008,8,154.76,Sul
2024-06-02,P003,6,45.77,Sul
2024-06-02,P005,9,180.66,Nordeste
2024-06-02,P018,14,669.55,Sul
2024-06-02,P004,13,473.7,Centro-Oeste
2024-06-02,P018,3,128.13,Sudeste
2024-06-02,P006,1,375.21,Norte
2024-06-02,P017,3,549.59,Sul
2024-06-02,P015,8,243.48,Centro-Oeste
2024-06-02,P006,19,654.33,Centro-Oeste
2024-06-02,P015,20,582.75,Centro-Oeste
2024-06-02,P015,6,184.14,Sul
2024-06-02,P003,12,183.13,Nordeste
2024-06-02,P003,4,259.67,Sul
2024-06-02,P003,6,317.17,Norte
2024-06-02,P015,8,309.13,Nordeste
2024-06-02,P003,17,156.93,Sudeste
2024-06-02,P004,9,221.95,Nordeste
2024-06-02,P012,13,691.15,Nordeste
2024-06-02,P011,9,240.61,Nordeste
2024-06-02,P017,2,375.41,Sudeste
2024-06-09,P014,14,681.37,Sul
2024-06-09,P008,12,642.06,Sudeste
2024-06-09,P005,12,163.56,Sudeste
2024-06-09,P018,1,147.93,Norte
2024-06-09,P009,8,337.66,Norte
2024-06-09,P016,3,78.51,Nordeste
2024-06-09,P012,8,157.37,Nordeste
2024-06-09,P003,15,337.83,Nordeste
2024-06-09,P015,4,415.21,Norte
2024-06-09,P001,5,418.0,Sul
2024-06-09,P014,18,54.12,Centro-Oeste
2024-06-09,P016,10,366.82,Nordeste
2024-06-09,P009,13,374.75,Norte
2024-06-09,P012,10,177.58,Norte
2024-06-09,P001,4,524.2,Sul
2024-06-09,P009,18,758.43,Nordeste
2024-06-09,P002,15,598.65,Sudeste
2024-06-09,P019,12,394.01,Sul
2024-06-09,P009,16,424.09,Centro-Oeste
2024-06-09,P016,15,360.85,Centro-Oeste
2024-06-09,P010,9,125.39,Sudeste
2024-06-09,P002,15,359.71,Sudeste
2024-06-09,P002,12,399.31,Sul
2024-06-09,P006,17,202.17,Norte
2024-06-09,P005,19,739.6,Norte
2024-06-09,P001,16,387.27,Sudeste
2024-06-09,P014,12,266.99,Centro-Oeste
2024-06-09,P019,9,325.46,Centro-Oeste
2024-06-09,P011,5,768.09,Sul
2024-06-09,P015,16,469.49,Norte
2024-06-16,P008,2,341.97,Nordeste
2024-06-16,P003,18,263.94,Sudeste
2024-06-16,P012,3,410.11,Sul
2024-06-16,P003,9,259.05,Sudeste
2024-06-16,P016,20,620.31,Sudeste
2024-06-16,P007,4,250.15,Sudeste
2024-06-16,P013,18,578.85,Sudeste
2024-06-16,P002,6,275.1,Centro-Oeste
2024-06-16,P003,14,507.58,Centro-Oeste
2024-06-16,P015,8,429.94,Centro-Oeste
2024-06-16,P005,7,68.52,Nordeste
2024-06-16,P015,20,135.05,Sudeste
2024-06-16,P011,10,418.72,Sul
2024-06-16,P005,10,561.33,Sudeste
2024-06-16,P007,9,295.95,Norte
2024-06-16,P010,9,380.73,Sudeste
2024-06-16,P006,18,137.38,Nordeste
2024-06-16,P015,12,96.93,Sudeste
2024-06-16,P010,5,540.87,Sudeste
2024-06-16,P007,5,733.97,Centro-Oeste
2024-06-16,P017,9,308.97,Sul
2024-06-16,P009,6,748.91,Sudeste
2024-06-16,P002,18,265.98,Sul
2024-06-16,P015,10,350.56,Sudeste
2024-06-16,P007,15,555.94,Sudeste
2024-06-16,P006,11,584.19,Nordeste
2024-06-16,P001,15,297.65,Norte
2024-06-16,P010,20,289.25,Centro-Oeste
2024-06-16,P005,4,489.34,Sul
2024-06-16,P004,18,138.95,Centro-Oeste
2024-06-23,P007,8,253.09,Norte
2024-06-23,P017,13,101.34,Centro-Oeste
2024-06-23,P016,17,696.0,Sul
2024-06-23,P013,6,216.62,Nordeste
2024-06-23,P017,12,606.01,Nordeste
2024-06-23,P004,14,301.41,Centro-Oeste
2024-06-23,P004,4,354.86,Norte
2024-06-23,P004,18,291.17,Sul
2024-06-23,P009,3,416.64,Centro-Oeste
2024-06-23,P008,6,160.26,Norte
2024-06-23,P019,10,639.36,Centro-Oeste
2024-06-23,P008,4,495.03,Norte
2024-06-23,P007,7,632.01,Sul
2024-06-23,P020,14,143.05,Norte
2024-06-23,P008,3,258.32,Centro-Oeste
2024-06-23,P005,3,178.04,Sudeste
2024-06-23,P015,13,679.81,Norte
2024-06-23,P015,8,585.65,Nordeste
2024-06-23,P004,4,34.25,Nordeste
2024-06-23,P017,13,606.76,Centro-Oeste
2024-06-23,P018,20,610.35,Centro-Oeste
2024-06-23,P018,8,409.85,Centro-Oeste
2024-06-23,P013,9,511.0,Centro-Oeste
2024-06-23,P007,13,350.52,Sul
2024-06-23,P018,7,402.07,Sul
2024-06-23,P020,11,422.93,Nordeste
2024-06-23,P014,12,268.92,Centro-Oeste
2024-06-23,P019,17,684.41,Sul
2024-06-23,P008,19,775.14,Norte
2024-06-23,P004,17,175.2,Sudeste
2024-06-30,P009,15,253.09,Centro-Oeste
2024-06-30,P016,7,426.41,Sul
2024-06-30,P016,11,608.54,Centro-Oeste
2024-06-30,P001,11,225.82,Sudeste
2024-06-30,P013,14,752.42,Norte
2024-06-30,P020,4,89.85,Sudeste
2024-06-30,P013,20,213.79,Sul
2024-06-30,P005,10,199.02,Nordeste
2024-06-30,P020,13,734.61,Sudeste
2024-06-30,P001,2,397.9,Centro-Oeste
2024-06-30,P015,2,122.21,Centro-Oeste
2024-06-30,P012,15,439.49,Sudeste
2024-06-30,P008,6,450.59,Centro-Oeste
2024-06-30,P013,3,193.83,Sul
2024-06-30,P010,1,75.14,Sudeste
2024-06-30,P009,4,668.91,Norte
2024-06-30,P020,4,774.37,Centro-Oeste
2024-06-30,P002,14,304.03,Centro-Oeste
2024-06-30,P018,6,292.56,Nordeste
2024-06-30,P002,18,286.71,Nordeste
2024-06-30,P006,20,110.84,Sudeste
2024-06-30,P011,8,528.78,Norte
2024-06-30,P004,13,561.59,Sudeste
2024-06-30,P018,3,442.6,Sudeste
2024-06-30,P002,1,459.19,Sul
2024-06-30,P012,15,254.2,Centro-Oeste
2024-06-30,P011,2,507.68,Centro-Oeste
2024-06-30,P010,4,334.96,Norte
2024-06-30,P003,11,617.12,Sul
2024-06-30,P009,2,602.77,Sul
2024-07-07,P018,9,682.9,Norte
2024-07-07,P016,20,65.27,Centro-Oeste
2024-07-07,P019,9,119.84,Sudeste
2024-07-07,P016,12,768.9,Nordeste
2024-07-07,P003,11,431.79,Sudeste
2024-07-07,P020,19,339.29,Norte
2024-07-07,P011,9,323.17,Sudeste
2024-07-07,P007,5,592.23,Norte
2024-07-07,P009,20,689.22,Sul
2024-07-07,P003,13,640.39,Sul
2024-07-07,P017,15,556.73,Norte
2024-07-07,P001,20,110.23,Sul
2024-07-07,P008,16,210.9,Sul
2024-07-07,P012,15,42.77,Nordeste
2024-07-07,P020,7,760.04,Sudeste
2024-07-07,P010,9,253.22,Sudeste
2024-07-07,P020,7,217.56,Sul
2024-07-07,P020,12,190.03,Sudeste
2024-07-07,P008,8,763.77,Nordeste
2024-07-07,P007,5,76.69,Nordeste
2024-07-07,P018,18,579.49,Sul
2024-07-07,P014,13,496.44,Sul
2024-07-07,P015,9,736.3,Centro-Oeste
2024-07-07,P009,5,41.74,Nordeste
2024-07-07,P011,3,50.17,Centro-Oeste
2024-07-07,P016,13,717.9,Nordeste
2024-07-07,P017,12,383.15,Norte
2024-07-07,P004,11,521.16,Nordeste
2024-07-07,P016,12,307.53,Nordeste
2024-07-07,P009,15,497.31,Sul
2024-07-14,P013,6,568.99,Sul
2024-07-14,P007,1,569.63,Norte
2024-07-14,P019,20,322.32,Nordeste
2024-07-14,P020,2,373.13,Norte
2024-07-14,P015,2,577.57,Sul
2024-07-14,P002,13,130.04,Sul
2024-07-14,P002,11,604.84,Sudeste
2024-07-14,P017,8,147.31,Sudeste
2024-07-14,P010,7,79.98,Nordeste
2024-07-14,P014,11,268.65,Norte
2024-07-14,P003,13,86.65,Sul
2024-07-14,P012,15,671.17,Sul
2024-07-14,P018,20,185.66,Sudeste
2024-07-14,P002,14,126.31,Sul
2024-07-14,P008,9,550.16,Sudeste
2024-07-14,P002,9,420.54,Sudeste
2024-07-14,P015,20,387.28,Sudeste
2024-07-14,P005,9,369.23,Nordeste
2024-07-14,P002,9,680.95,Centro-Oeste
2024-07-14,P017,12,309.83,Centro-Oeste
2024-07-14,P020,5,201.12,Sudeste
2024-07-14,P020,16,56.85,Sudeste
2024-07-14,P001,7,204.07,Nordeste
2024-07-14,P009,6,468.59,Norte
2024-07-14,P020,18,435.62,Sul
2024-07-14,P008,1,245.16,Sudeste
2024-07-14,P005,20,788.85,Sul
2024-07-14,P016,10,723.3,Norte
2024-07-14,P019,8,787.3,Centro-Oeste
2024-07-14,P020,9,597.81,Norte
2024-07-21,P012,10,395.43,Centro-Oeste
2024-07-21,P015,4,172.07,Norte
2024-07-21,P005,2,273.0,Centro-Oeste
2024-07-21,P001,14,35.95,Nordeste
2024-07-21,P011,12,496.53,Nordeste
2024-07-21,P015,2,444.71,Sudeste
2024-07-21,P006,4,147.08,Centro-Oeste
2024-07-21,P018,11,441.13,Sul
2024-07-21,P019,19,286.79,Sudeste
2024-07-21,P019,15,97.18,Norte
2024-07-21,P004,7,155.78,Centro-Oeste
2024-07-21,P005,14,60.6,Centro-Oeste
2024-07-21,P017,7,221.48,Centro-Oeste
2024-07-21,P007,18,620.01,Sudeste
2024-07-21,P001,12,718.4,Sudeste
2024-07-21,P010,8,450.82,Centro-Oeste
2024-07-21,P017,14,489.56,Centro-Oeste
2024-07-21,P009,8,771.85,Sul
2024-07-21,P019,5,57.15,Norte
2024-07-21,P016,2,763.2,Norte
2024-07-21,P006,13,315.5,Sul
2024-07-21,P010,17,625.1,Sudeste
2024-07-21,P013,13,499.99,Centro-Oeste
2024-07-21,P003,19,650.74,Sul
2024-07-21,P016,2,123.16,Sudeste
2024-07-21,P009,3,365.45,Nordeste
2024-07-21,P013,18,403.39,Nordeste
2024-07-21,P016,1,297.03,Sudeste
2024-07-21,P015,9,324.48,Sudeste
2024-07-21,P019,16,431.77,Norte
2024-07-28,P006,13,729.85,Nordeste
2024-07-28,P005,2,698.62,Centro-Oeste
2024-07-28,P011,16,355.01,Centro-Oeste
2024-07-28,P011,10,563.46,Centro-Oeste
2024-07-28,P020,5,251.49,Sul
2024-07-28,P009,5,730.28,Sudeste
2024-07-28,P007,13,660.63,Nordeste
2024-07-28,P014,4,586.93,Sul
2024-07-28,P006,20,568.99,Sudeste
2024-07-28,P016,17,87.26,Nordeste
2024-07-28,P003,19,393.15,Nordeste
2024-07-28,P015,20,84.32,Nordeste
2024-07-28,P011,10,533.2,Norte
2024-07-28,P017,9,772.28,Sul
2024-07-28,P003,10,144.03,Sudeste
2024-07-28,P007,2,256.16,Nordeste
2024-07-28,P016,10,473.62,Sudeste
2024-07-28,P011,20,166.55,Sul
2024-07-28,P006,13,562.18,Norte
2024-07-28,P012,7,636.74,Nordeste
2024-07-28,P012,18,130.47,Nordeste
2024-07-28,P014,11,428.35,Norte
2024-07-28,P011,5,210.66,Nordeste
2024-07-28,P002,17,459.16,Sul
2024-07-28,P006,9,744.88,Norte
2024-07-28,P017,9,215.61,Sudeste
2024-07-28,P014,10,781.3,Nordeste
2024-07-28,P015,14,719.82,Centro-Oeste
2024-07-28,P017,14,591.21,Centro-Oeste
2024-07-28,P007,20,328.47,Nordeste
2024-08-04,P013,9,363.92,Sul
2024-08-04,P015,3,566.14,Centro-Oeste
2024-08-04,P019,1,725.64,Nordeste
2024-08-04,P002,3,727.4,Sul
2024-08-04,P009,16,720.21,Nordeste
2024-08-04,P004,12,756.87,Norte
2024-08-04,P011,16,735.44,Sul
2024-08-04,P015,14,397.15,Nordeste
2024-08-04,P002,12,704.85,Sudeste
2024-08-04,P020,12,198.21,Norte
2024-08-04,P015,13,761.02,Norte
2024-08-04,P014,10,226.67,Centro-Oeste
2024-08-04,P020,18,604.38,Nordeste
2024-08-04,P015,9,673.72,Sudeste
2024-08-04,P010,6,399.04,Sudeste
2024-08-04,P006,7,85.9,Nordeste
2024-08-04,P004,2,92.03,Norte
2024-08-04,P009,12,362.94,Centro-Oeste
2024-08-04,P014,2,120.2,Norte
2024-08-04,P018,15,612.27,Sudeste
2024-08-04,P001,1,377.94,Nordeste
2024-08-04,P008,2,185.89,Nordeste
2024-08-04,P018,12,332.66,Nordeste
2024-08-04,P013,4,390.04,Sul
2024-08-04,P003,16,785.74,Centro-Oeste
2024-08-04,P004,13,310.54,Centro-Oeste
2024-08-04,P017,2,507.44,Sul
2024-08-04,P020,13,292.64,Sul
2024-08-04,P013,20,246.97,Centro-Oeste
2024-08-04,P017,3,486.89,Centro-Oeste
2024-08-11,P009,3,705.2,Sudeste
2024-08-11,P012,10,637.78,Sudeste
2024-08-11,P006,2,595.84,Centro-Oeste
2024-08-11,P012,7,789.39,Norte
2024-08-11,P006,18,268.39,Sul
2024-08-11,P001,1,167.68,Centro-Oeste
2024-08-11,P002,16,395.58,Nordeste
2024-08-11,P012,9,349.41,Norte
2024-08-11,P017,13,373.89,Centro-Oeste
2024-08-11,P017,15,336.86,Nordeste
2024-08-11,P002,5,38.82,Sudeste
2024-08-11,P007,10,55.52,Centro-Oeste
2024-08-11,P004,19,626.25,Sudeste
2024-08-11,P001,11,619.11,Nordeste
2024-08-11,P014,14,190.84,Sudeste
2024-08-11,P007,5,173.44,Nordeste
2024-08-11,P003,11,626.71,Norte
2024-08-11,P005,6,54.68,Sul
2024-08-11,P003,8,718.53,Nordeste
2024-08-11,P003,2,608.92,Nordeste
2024-08-11,P006,11,625.76,Norte
2024-08-11,P001,12,171.69,Sul
2024-08-11,P010,3,612.58,Norte
2024-08-11,P019,9,650.62,Nordeste
2024-08-11,P007,10,626.06,Sudeste
2024-08-11,P018,2,561.72,Centro-Oeste
2024-08-11,P002,20,311.21,Sudeste
2024-08-11,P020,18,427.3,Sudeste
2024-08-11,P009,10,163.4,Nordeste
2024-08-11,P007,6,181.01,Nordeste
2024-08-18,P008,19,693.71,Norte
2024-08-18,P016,14,772.57,Sudeste
2024-08-18,P016,4,507.73,Sudeste
2024-08-18,P019,18,701.87,Sul
2024-08-18,P001,12,581.14,Norte
2024-08-18,P005,1,500.53,Nordeste
2024-08-18,P001,4,707.25,Sul
2024-08-18,P012,12,713.25,Nordeste
2024-08-18,P017,11,198.97,Sudeste
2024-08-18,P018,6,155.79,Norte
2024-08-18,P008,18,545.15,Centro-Oeste
2024-08-18,P016,16,627.22,Norte
2024-08-18,P014,4,135.38,Centro-Oeste
2024-08-18,P019,4,521.59,Norte
2024-08-18,P016,17,757.09,Centro-Oeste
2024-08-18,P010,13,321.84,Norte
2024-08-18,P020,1,795.74,Norte
2024-08-18,P015,12,467.15,Sudeste
2024-08-18,P008,5,311.27,Centro-Oeste
2024-08-18,P018,11,767.53,Centro-Oeste
2024-08-18,P013,18,530.77,Sudeste
2024-08-18,P010,10,367.81,Norte
2024-08-18,P007,16,470.63,Sul
2024-08-18,P011,18,137.18,Sudeste
2024-08-18,P019,14,510.18,Sul
2024-08-18,P015,3,66.05,Centro-Oeste
2024-08-18,P005,11,796.05,Norte
2024-08-18,P009,15,415.4,Norte
2024-08-18,P010,3,88.61,Sudeste
2024-08-18,P014,19,376.4,Centro-Oeste
2024-08-25,P015,2,408.1,Sudeste
2024-08-25,P020,4,88.19,Nordeste
2024-08-25,P016,12,735.15,Norte
2024-08-25,P011,1,488.46,Sudeste
2024-08-25,P017,9,84.9,Centro-Oeste
2024-08-25,P006,20,645.06,Sudeste
2024-08-25,P017,15,628.07,Centro-Oeste
2024-08-25,P019,18,362.04,Nordeste
2024-08-25,P011,6,318.15,Norte
2024-08-25,P002,4,517.82,Sudeste
2024-08-25,P015,15,663.9,Centro-Oeste
2024-08-25,P001,5,758.27,Sul
2024-08-25,P004,4,354.74,Sudeste
2024-08-25,P007,4,618.11,Sudeste
2024-08-25,P003,2,627.27,Sudeste
2024-08-25,P008,12,633.14,Centro-Oeste
2024-08-25,P012,7,601.65,Sudeste
2024-08-25,P001,20,574.51,Sul
2024-08-25,P014,3,386.47,Sul
2024-08-25,P002,13,172.82,Nordeste
2024-08-25,P015,12,576.23,Norte
2024-08-25,P008,14,334.08,Norte
2024-08-25,P007,13,397.2,Sul
2024-08-25,P012,5,638.02,Sudeste
2024-08-25,P001,7,766.2,Centro-Oeste
2024-08-25,P004,5,262.27,Norte
2024-08-25,P007,14,320.34,Centro-Oeste
2024-08-25,P004,18,503.23,Sul
2024-08-25,P020,19,661.82,Sudeste
2024-08-25,P014,6,639.21,Sudeste
2024-09-01,P010,7,454.72,Centro-Oeste
2024-09-01,P012,2,278.43,Nordeste
2024-09-01,P001,11,271.48,Sudeste
2024-09-01,P006,15,429.99,Norte
2024-09-01,P007,18,297.24,Nordeste
2024-09-01,P002,12,131.42,Sul
2024-09-01,P011,13,324.04,Centro-Oeste
2024-09-01,P007,4,318.0,Sul
2024-09-01,P013,17,740.48,Centro-Oeste
2024-09-01,P010,1,635.76,Nordeste
2024-09-01,P009,20,44.16,Nordeste
2024-09-01,P019,16,724.64,Nordeste
2024-09-01,P018,17,716.36,Sudeste
2024-09-01,P017,14,414.22,Nordeste
2024-09-01,P004,10,94.1,Sudeste
2024-09-01,P011,4,304.33,Sudeste
2024-09-01,P018,8,297.1,Sul
2024-09-01,P001,18,95.86,Sul
2024-09-01,P019,12,713.99,Norte
2024-09-01,P013,13,240.82,Norte
2024-09-01,P020,2,358.57,Sul
2024-09-01,P006,20,154.82,Nordeste
2024-09-01,P002,2,667.44,Sudeste
2024-09-01,P018,15,393.74,Centro-Oeste
2024-09-01,P014,7,168.35,Centro-Oeste
2024-09-01,P018,8,480.37,Sul
2024-09-01,P013,17,607.04,Centro-Oeste
2024-09-01,P009,20,793.15,Sudeste
2024-09-01,P001,2,231.86,Sul
2024-09-01,P019,14,591.9,Sul
2024-09-08,P014,16,748.61,Sudeste
2024-09-08,P008,15,707.63,Sudeste
2024-09-08,P006,6,193.18,Norte
2024-09-08,P020,13,420.96,Nordeste
2024-09-08,P015,14,601.56,Norte
2024-09-08,P010,16,348.14,Centro-Oeste
2024-09-08,P020,10,517.39,Nordeste
2024-09-08,P001,16,284.32,Norte
2024-09-08,P016,11,717.0,Sudeste
2024-09-08,P002,15,603.28,Centro-Oeste
2024-09-08,P019,17,38.83,Norte
2024-09-08,P001,10,95.15,Sudeste
2024-09-08,P016,10,418.35,Norte
2024-09-08,P001,9,32.16,Nordeste
2024-09-08,P011,20,108.16,Sudeste
2024-09-08,P013,14,724.43,Centro-Oeste
2024-09-08,P004,1,730.5,Centro-Oeste
2024-09-08,P008,7,376.87,Centro-Oeste
2024-09-08,P006,20,207.67,Sudeste
2024-09-08,P009,4,687.72,Norte
2024-09-08,P002,14,464.54,Nordeste
2024-09-08,P007,14,554.1,Norte
2024-09-08,P015,18,522.87,Sul
2024-09-08,P008,6,380.54,Centro-Oeste
2024-09-08,P008,1,652.14,Sul
2024-09-08,P005,19,146.98,Sul
2024-09-08,P009,7,135.24,Sudeste
2024-09-08,P006,2,556.2,Sul
2024-09-08,P016,3,217.54,Sudeste
2024-09-08,P002,17,517.25,Nordeste
2024-09-15,P003,9,191.52,Norte
2024-09-15,P008,18,649.6,Centro-Oeste
2024-09-15,P003,2,667.93,Sul
2024-09-15,P010,3,687.29,Sudeste
2024-09-15,P002,19,664.17,Norte
2024-09-15,P009,13,547.62,Sudeste
2024-09-15,P020,2,729.1,Centro-Oeste
2024-09-15,P012,8,399.93,Norte
2024-09-15,P020,17,468.34,Centro-Oeste
2024-09-15,P004,14,607.66,Sul
2024-09-15,P001,7,274.11,Centro-Oeste
2024-09-15,P005,19,503.34,Sudeste
2024-09-15,P002,20,658.72,Sul
2024-09-15,P005,11,590.03,Norte
2024-09-15,P019,1,158.4,Sudeste
2024-09-15,P020,1,713.75,Norte
2024-09-15,P017,11,704.32,Norte
2024-09-15,P016,7,142.29,Nordeste
2024-09-15,P017,18,99.2,Sudeste
2024-09-15,P017,6,124.65,Sul
2024-09-15,P007,13,726.71,Centro-Oeste
2024-09-15,P009,19,665.34,Norte
2024-09-15,P018,10,681.6,Norte
2024-09-15,P010,16,216.82,Sudeste
2024-09-15,P002,2,527.15,Nordeste
2024-09-15,P007,2,533.84,Centro-Oeste
2024-09-15,P003,18,768.16,Norte
2024-09-15,P001,4,411.81,Nordeste
2024-09-15,P007,7,552.66,Nordeste
2024-09-15,P010,9,66.77,Sul
2024-09-22,P018,18,154.29,Sudeste
2024-09-22,P009,15,135.05,Centro-Oeste
2024-09-22,P005,15,282.66,Norte
2024-09-22,P013,6,457.42,Nordeste
2024-09-22,P006,5,734.42,Centro-Oeste
2024-09-22,P017,18,666.98,Sudeste
2024-09-22,P012,4,297.14,Nordeste
2024-09-22,P012,6,94.01,Sudeste
2024-09-22,P006,18,389.69,Sudeste
2024-09-22,P018,7,662.6,Sul
2024-09-22,P009,9,394.57,Norte
2024-09-22,P010,20,796.39,Sul
2024-09-22,P011,3,319.27,Norte
2024-09-22,P002,18,262.56,Sul
2024-09-22,P013,17,643.15,Nordeste
2024-09-22,P005,13,104.6,Centro-Oeste
2024-09-22,P007,2,409.34,Nordeste
2024-09-22,P011,5,617.15,Centro-Oeste
2024-09-22,P016,14,440.57,Sul
2024-09-22,P013,17,523.38,Sudeste
2024-09-22,P009,11,667.82,Nordeste
2024-09-22,P004,7,214.23,Centro-Oeste
2024-09-22,P010,10,184.86,Norte
2024-09-22,P003,14,133.05,Nordeste
2024-09-22,P001,19,240.37,Centro-Oeste
2024-09-22,P006,2,726.03,Nordeste
2024-09-22,P004,14,64.27,Sudeste
2024-09-22,P007,7,190.16,Norte
2024-09-22,P003,6,239.18,Sul
2024-09-22,P008,10,300.72,Norte
2024-09-29,P011,19,569.03,Centro-Oeste
2024-09-29,P008,17,497.19,Centro-Oeste
2024-09-29,P018,8,702.17,Sudeste
2024-09-29,P008,1,571.04,Centro-Oeste
2024-09-29,P004,2,503.46,Sul
2024-09-29,P012,5,510.57,Nordeste
2024-09-29,P014,15,713.26,Sul
2024-09-29,P015,9,135.37,Nordeste
2024-09-29,P012,11,416.76,Nordeste
2024-09-29,P001,14,499.35,Nordeste
2024-09-29,P002,2,317.19,Sudeste
2024-09-29,P003,10,525.26,Sudeste
2024-09-29,P016,20,713.53,Nordeste
2024-09-29,P002,3,726.64,Centro-Oeste
2024-09-29,P014,9,636.17,Nordeste
2024-09-29,P001,15,203.58,Nordeste
2024-09-29,P005,7,779.78,Nordeste
2024-09-29,P011,8,492.07,Sudeste
2024-09-29,P010,1,99.45,Norte
2024-09-29,P009,15,544.16,Norte
2024-09-29,P018,6,574.27,Sudeste
2024-09-29,P003,6,207.61,Sudeste
2024-09-29,P009,1,223.19,Sudeste
2024-09-29,P020,9,94.16,Sudeste
2024-09-29,P018,20,240.24,Centro-Oeste
2024-09-29,P013,20,132.89,Sul
2024-09-29,P016,12,341.6,Centro-Oeste
2024-09-29,P020,8,431.82,Norte
2024-09-29,P008,7,212.98,Sul
2024-09-29,P005,11,693.72,Nordeste
2024-10-06,P002,5,384.92,Sudeste
2024-10-06,P005,9,169.67,Nordeste
2024-10-06,P010,19,632.12,Sudeste
2024-10-06,P002,16,690.68,Nordeste
2024-10-06,P019,16,278.98,Sul
2024-10-06,P009,11,554.02,Sudeste
2024-10-06,P015,3,358.56,Nordeste
2024-10-06,P007,7,789.0,Centro-Oeste
2024-10-06,P019,11,276.47,Centro-Oeste
2024-10-06,P017,11,543.36,Sudeste
2024-10-06,P013,1,263.44,Sudeste
2024-10-06,P020,20,121.39,Sudeste
2024-10-06,P005,3,153.64,Sul
2024-10-06,P016,11,728.04,Nordeste
2024-10-06,P017,20,99.41,Norte
2024-10-06,P001,15,287.44,Nordeste
2024-10-06,P009,16,359.27,Nordeste
2024-10-06,P002,1,635.43,Centro-Oeste
2024-10-06,P006,2,547.59,Sudeste
2024-10-06,P016,19,737.67,Centro-Oeste
2024-10-06,P015,12,230.96,Sul
2024-10-06,P013,5,618.78,Sul
2024-10-06,P002,18,657.59,Nordeste
2024-10-06,P014,11,207.83,Nordeste
2024-10-06,P014,20,534.65,Nordeste
2024-10-06,P008,12,311.92,Nordeste
2024-10-06,P017,13,411.47,Centro-Oeste
2024-10-06,P005,15,352.82,Norte
2024-10-06,P004,13,443.43,Norte
2024-10-06,P014,1,791.15,Norte
2024-10-13,P016,19,616.08,Nordeste
2024-10-13,P015,4,429.01,Centro-Oeste
2024-10-13,P001,19,369.12,Centro-Oeste
2024-10-13,P005,9,37.8,Sul
2024-10-13,P004,10,306.9,Nordeste
2024-10-13,P004,18,311.37,Sul
2024-10-13,P001,5,98.18,Norte
2024-10-13,P008,14,226.49,Norte
2024-10-13,P004,13,423.42,Sudeste
2024-10-13,P006,7,331.44,Nordeste
2024-10-13,P006,12,551.3,Norte
2024-10-13,P018,7,124.43,Nordeste
2024-10-13,P006,11,532.73,Norte
2024-10-13,P011,10,597.67,Sudeste
2024-10-13,P010,3,187.55,Nordeste
2024-10-13,P011,17,341.55,Sudeste
2024-10-13,P012,14,49.74,Sudeste
2024-10-13,P003,18,634.56,Sul
2024-10-13,P011,10,343.87,Sudeste
2024-10-13,P018,10,164.55,Norte
2024-10-13,P005,12,385.28,Sudeste
2024-10-13,P020,11,293.04,Nordeste
2024-10-13,P019,3,604.08,Norte
2024-10-13,P007,4,464.98,Nordeste
2024-10-13,P020,18,112.1,Norte
2024-10-13,P005,8,140.78,Sul
2024-10-13,P009,14,142.05,Nordeste
2024-10-13,P012,2,84.46,Nordeste
2024-10-13,P015,12,517.01,Centro-Oeste
2024-10-13,P007,2,449.72,Norte
2024-10-20,P020,15,778.04,Centro-Oeste
2024-10-20,P013,8,498.05,Sudeste
2024-10-20,P003,2,201.52,Sul
2024-10-20,P010,6,706.56,Norte
2024-10-20,P013,5,187.56,Sul
2024-10-20,P003,7,753.02,Centro-Oeste
2024-10-20,P002,6,700.0,Sul
2024-10-20,P001,8,284.85,Sul
2024-10-20,P015,2,230.1,Nordeste
2024-10-20,P007,15,656.92,Sudeste
2024-10-20,P013,8,630.46,Norte
2024-10-20,P014,10,373.28,Sudeste
2024-10-20,P005,6,691.29,Norte
2024-10-20,P006,14,755.47,Sul
2024-10-20,P017,12,282.77,Centro-Oeste
2024-10-20,P016,11,209.37,Sudeste
2024-10-20,P003,7,442.81,Nordeste
2024-10-20,P001,18,739.41,Nordeste
2024-10-20,P014,10,305.39,Nordeste
2024-10-20,P001,6,591.87,Nordeste
2024-10-20,P005,15,422.57,Nordeste
2024-10-20,P010,10,387.07,Centro-Oeste
2024-10-20,P008,18,72.1,Norte
2024-10-20,P004,20,512.43,Norte
2024-10-20,P019,15,391.59,Norte
2024-10-20,P011,5,645.65,Norte
2024-10-20,P012,8,714.27,Norte
2024-10-20,P005,2,342.91,Norte
2024-10-20,P001,4,775.57,Sul
2024-10-20,P001,16,797.63,Nordeste
2024-10-27,P015,12,69.56,Sul
2024-10-27,P012,14,108.69,Sul
2024-10-27,P005,6,370.45,Centro-Oeste
2024-10-27,P018,13,611.41,Sul
2024-10-27,P020,16,693.51,Sudeste
2024-10-27,P004,4,440.2,Centro-Oeste
2024-10-27,P004,1,155.62,Sul
2024-10-27,P013,15,475.41,Centro-Oeste
2024-10-27,P007,13,657.07,Sudeste
2024-10-27,P007,15,565.09,Norte
2024-10-27,P013,11,57.16,Sudeste
2024-10-27,P008,8,659.48,Nordeste
2024-10-27,P015,7,732.73,Nordeste
2024-10-27,P014,15,558.52,Sul
2024-10-27,P016,7,255.39,Sul
2024-10-27,P015,10,687.12,Sudeste
2024-10-27,P013,1,396.56,Centro-Oeste
2024-10-27,P015,6,458.51,Sul
2024-10-27,P009,12,509.04,Nordeste
2024-10-27,P011,17,334.04,Sudeste
2024-10-27,P009,17,267.84,Sul
2024-10-27,P009,15,595.78,Norte
2024-10-27,P020,15,583.07,Centro-Oeste
2024-10-27,P005,19,522.45,Sudeste
2024-10-27,P012,19,294.31,Nordeste
2024-10-27,P017,9,43.99,Nordeste
2024-10-27,P014,13,163.32,Centro-Oeste
2024-10-27,P011,8,365.88,Sudeste
2024-10-27,P010,1,785.71,Norte
2024-10-27,P004,20,440.82,Nordeste
2024-11-03,P001,4,317.2,Norte
2024-11-03,P009,18,647.46,Nordeste
2024-11-03,P007,13,288.95,Sudeste
2024-11-03,P008,6,127.13,Sudeste
2024-11-03,P005,7,187.94,Nordeste
2024-11-03,P012,9,170.07,Norte
2024-11-03,P008,5,329.44,Norte
2024-11-03,P018,8,300.43,Norte
2024-11-03,P007,16,69.47,Nordeste
2024-11-03,P011,19,443.88,Sudeste
2024-11-03,P005,16,542.62,Sul
2024-11-03,P012,4,712.82,Sul
2024-11-03,P002,11,666.28,Sudeste
2024-11-03,P010,17,648.22,Nordeste
2024-11-03,P009,13,736.51,Norte
2024-11-03,P006,19,73.68,Centro-Oeste
2024-11-03,P006,6,567.21,Centro-Oeste
2024-11-03,P007,7,700.1,Sudeste
2024-11-03,P007,11,323.49,Sul
2024-11-03,P010,4,640.24,Nordeste
2024-11-03,P001,16,357.13,Centro-Oeste
2024-11-03,P013,8,760.61,Centro-Oeste
2024-11-03,P005,11,774.5,Nordeste
2024-11-03,P020,19,276.21,Sudeste
2024-11-03,P015,10,763.74,Norte
2024-11-03,P015,15,457.75,Norte
2024-11-03,P017,1,538.07,Sul
2024-11-03,P018,2,673.57,Centro-Oeste
2024-11-03,P006,1,751.64,Norte
2024-11-03,P001,14,602.78,Sudeste
2024-11-10,P013,10,213.56,Sul
2024-11-10,P003,17,258.17,Sudeste
2024-11-10,P007,4,100.91,Nordeste
2024-11-10,P017,5,436.1,Sul
2024-11-10,P014,17,559.59,Sul
2024-11-10,P004,17,96.46,Norte
2024-11-10,P001,20,319.89,Nordeste
2024-11-10,P006,6,398.37,Nordeste
2024-11-10,P018,8,407.68,Sudeste
2024-11-10,P015,12,150.41,Norte
2024-11-10,P003,3,228.39,Norte
2024-11-10,P016,4,384.05,Nordeste
2024-11-10,P006,12,616.29,Sul
2024-11-10,P001,14,496.69,Centro-Oeste
2024-11-10,P020,4,245.8,Nordeste
2024-11-10,P017,20,778.67,Nordeste
2024-11-10,P003,8,195.95,Sudeste
2024-11-10,P016,18,543.46,Centro-Oeste
2024-11-10,P010,12,428.61,Norte
2024-11-10,P020,13,361.41,Norte
2024-11-10,P001,2,540.74,Centro-Oeste
2024-11-10,P019,4,524.96,Sudeste
2024-11-10,P001,7,754.23,Norte
2024-11-10,P011,15,739.66,Centro-Oeste
2024-11-10,P011,14,331.24,Sudeste
2024-11-10,P008,16,629.56,Nordeste
2024-11-10,P003,9,513.58,Sudeste
2024-11-10,P005,20,444.59,Nordeste
2024-11-10,P007,11,624.44,Nordeste
2024-11-10,P004,15,646.89,Norte
2024-11-17,P005,9,409.19,Centro-Oeste
2024-11-17,P005,18,546.73,Sul
2024-11-17,P020,18,174.61,Sudeste
2024-11-17,P001,8,170.22,Norte
2024-11-17,P014,6,256.14,Sudeste
2024-11-17,P009,12,708.07,Nordeste
2024-11-17,P002,18,86.71,Centro-Oeste
2024-11-17,P003,9,168.25,Sudeste
2024-11-17,P008,9,640.18,Sudeste
2024-11-17,P017,11,560.76,Sul
2024-11-17,P011,16,654.71,Centro-Oeste
2024-11-17,P018,11,272.81,Nordeste
2024-11-17,P002,5,457.64,Nordeste
2024-11-17,P014,20,57.68,Sudeste
2024-11-17,P008,5,622.71,Sul
2024-11-17,P019,18,355.25,Centro-Oeste
2024-11-17,P002,3,612.02,Sudeste
2024-11-17,P013,11,780.41,Sudeste
2024-11-17,P006,16,718.19,Sudeste
2024-11-17,P009,20,130.34,Nordeste
2024-11-17,P008,13,620.83,Nordeste
2024-11-17,P017,17,407.9,Sul
2024-11-17,P018,5,759.45,Sudeste
2024-11-17,P014,3,355.87,Norte
2024-11-17,P016,5,259.1,Nordeste
2024-11-17,P004,11,214.79,Sudeste
2024-11-17,P002,16,417.37,Sul
2024-11-17,P019,9,774.89,Sul
2024-11-17,P018,5,93.34,Nordeste
2024-11-17,P015,10,86.13,Sudeste
2024-11-24,P011,5,383.36,Norte
2024-11-24,P005,19,518.98,Sul
2024-11-24,P007,5,153.89,Nordeste
2024-11-24,P009,13,724.41,Norte
2024-11-24,P016,17,413.11,Nordeste
2024-11-24,P006,8,244.85,Sudeste
2024-11-24,P013,1,230.65,Norte
2024-11-24,P006,4,793.35,Nordeste
2024-11-24,P001,3,245.5,Norte
2024-11-24,P006,13,695.3,Sudeste
2024-11-24,P015,4,94.39,Sudeste
2024-11-24,P014,17,430.07,Norte
2024-11-24,P014,7,765.18,Sudeste
2024-11-24,P013,18,239.54,Nordeste
2024-11-24,P018,20,577.2,Norte
2024-11-24,P005,5,533.6,Norte
2024-11-24,P001,9,261.89,Nordeste
2024-11-24,P009,5,618.87,Norte
2024-11-24,P007,11,226.0,Sul
2024-11-24,P010,9,672.17,Sul
2024-11-24,P017,18,486.43,Nordeste
2024-11-24,P020,18,632.9,Centro-Oeste
2024-11-24,P006,15,535.78,Norte
2024-11-24,P001,9,31.32,Nordeste
2024-11-24,P011,14,617.38,Sudeste
2024-11-24,P019,20,661.47,Sul
2024-11-24,P003,1,80.81,Norte
2024-11-24,P006,11,686.78,Sudeste
2024-11-24,P003,9,650.33,Sul
2024-11-24,P012,19,737.93,Sul
2024-12-01,P002,6,500.84,Centro-Oeste
2024-12-01,P005,15,389.04,Centro-Oeste
2024-12-01,P015,7,495.83,Norte
2024-12-01,P018,18,333.42,Sudeste
2024-12-01,P010,2,553.03,Sul
2024-12-01,P016,16,774.23,Sul
2024-12-01,P008,10,169.53,Sul
2024-12-01,P007,9,284.32,Norte
2024-12-01,P012,20,266.2,Nordeste
2024-12-01,P016,6,244.84,Nordeste
2024-12-01,P013,20,337.45,Norte
2024-12-01,P011,11,390.36,Sul
2024-12-01,P015,1,386.23,Norte
2024-12-01,P017,5,466.42,Sul
2024-12-01,P010,2,504.88,Sudeste
2024-12-01,P007,10,501.17,Nordeste
2024-12-01,P001,3,584.91,Centro-Oeste
2024-12-01,P015,19,499.37,Centro-Oeste
2024-12-01,P013,15,403.63,Sudeste
2024-12-01,P012,13,744.09,Sudeste
2024-12-01,P010,20,316.82,Nordeste
2024-12-01,P013,5,685.27,Norte
2024-12-01,P020,9,643.08,Sul
2024-12-01,P001,8,701.61,Nordeste
2024-12-01,P015,13,173.01,Sul
2024-12-01,P017,19,692.23,Centro-Oeste
2024-12-01,P014,20,395.14,Centro-Oeste
2024-12-01,P001,9,656.37,Nordeste
2024-12-01,P007,17,248.17,Norte
2024-12-01,P008,5,133.47,Centro-Oeste
2024-12-08,P008,7,134.74,Norte
2024-12-08,P002,19,430.66,Nordeste
2024-12-08,P009,13,247.12,Norte
2024-12-08,P003,3,736.53,Norte
2024-12-08,P012,12,577.73,Nordeste
2024-12-08,P011,5,526.3,Sul
2024-12-08,P002,8,245.92,Sudeste
2024-12-08,P003,9,648.92,Nordeste
2024-12-08,P013,16,607.77,Sudeste
2024-12-08,P016,11,697.34,Sudeste
2024-12-08,P013,12,127.66,Norte
2024-12-08,P017,1,213.76,Sudeste
2024-12-08,P019,20,395.02,Norte
2024-12-08,P014,6,712.92,Norte
2024-12-08,P004,16,56.87,Sudeste
2024-12-08,P016,13,422.25,Centro-Oeste
2024-12-08,P020,18,371.22,Norte
2024-12-08,P017,1,218.43,Sul
2024-12-08,P003,12,741.86,Centro-Oeste
2024-12-08,P020,4,162.04,Sul
2024-12-08,P011,8,587.52,Nordeste
2024-12-08,P012,14,541.81,Nordeste
2024-12-08,P018,13,126.81,Nordeste
2024-12-08,P005,3,83.72,Sudeste
2024-12-08,P008,1,785.38,Sul
2024-12-08,P009,12,430.86,Sul
2024-12-08,P009,3,340.09,Nordeste
2024-12-08,P001,8,431.35,Nordeste
2024-12-08,P007,15,123.01,Nordeste
2024-12-08,P015,17,748.94,Norte
2024-12-15,P008,9,190.09,Sul
2024-12-15,P018,10,749.93,Centro-Oeste
2024-12-15,P019,1,256.49,Sul
2024-12-15,P005,18,303.8,Sudeste
2024-12-15,P009,5,320.08,Nordeste
2024-12-15,P005,4,389.94,Centro-Oeste
2024-12-15,P020,10,111.44,Sul
2024-12-15,P013,2,771.3,Centro-Oeste
2024-12-15,P018,17,606.27,Sul
2024-12-15,P017,15,656.92,Norte
2024-12-15,P016,1,430.18,Nordeste
2024-12-15,P001,20,337.76,Sudeste
2024-12-15,P007,12,85.67,Centro-Oeste
2024-12-15,P003,2,384.39,Nordeste
2024-12-15,P012,9,728.12,Norte
2024-12-15,P014,13,276.08,Norte
2024-12-15,P014,15,248.44,Centro-Oeste
2024-12-15,P002,13,156.48,Centro-Oeste
2024-12-15,P018,17,104.99,Centro-Oeste
2024-12-15,P019,19,476.79,Norte
2024-12-15,P017,12,445.31,Centro-Oeste
2024-12-15,P016,2,547.89,Nordeste
2024-12-15,P003,14,159.23,Sul
2024-12-15,P009,11,278.39,Sudeste
2024-12-15,P017,8,264.15,Sul
2024-12-15,P006,13,478.25,Nordeste
2024-12-15,P004,11,512.11,Centro-Oeste
2024-12-15,P012,1,590.25,Sudeste
2024-12-15,P002,9,390.65,Sudeste
2024-12-15,P001,4,335.71,Sudeste
2024-12-22,P020,7,504.89,Nordeste
2024-12-22,P007,2,394.64,Centro-Oeste
2024-12-22,P013,17,181.05,Sul
2024-12-22,P005,17,75.51,Sul
2024-12-22,P009,2,31.2,Nordeste
2024-12-22,P020,16,584.93,Centro-Oeste
2024-12-22,P012,17,253.52,Norte
2024-12-22,P014,3,633.94,Sudeste
2024-12-22,P012,13,60.89,Nordeste
2024-12-22,P019,12,484.03,Nordeste
2024-12-22,P020,7,70.09,Sudeste
2024-12-22,P004,8,772.16,Nordeste
2024-12-22,P007,5,670.95,Norte
2024-12-22,P012,3,110.76,Nordeste
2024-12-22,P012,10,96.38,Nordeste
2024-12-22,P015,1,252.83,Norte
2024-12-22,P018,8,444.49,Norte
2024-12-22,P008,19,38.62,Norte
2024-12-22,P011,14,569.06,Centro-Oeste
2024-12-22,P001,8,747.07,Sul
2024-12-22,P007,8,667.91,Nordeste
2024-12-22,P002,7,605.21,Nordeste
2024-12-22,P009,12,576.91,Sul
2024-12-22,P005,18,426.56,Sudeste
2024-12-22,P003,16,632.73,Norte
2024-12-22,P009,10,486.56,Nordeste
2024-12-22,P012,17,595.37,Nordeste
2024-12-22,P012,17,343.88,Nordeste
2024-12-22,P002,17,659.25,Sudeste
2024-12-22,P004,13,734.37,Norte
2024-12-29,P009,19,754.19,Centro-Oeste
2024-12-29,P002,16,673.8,Sul
2024-12-29,P003,16,276.33,Centro-Oeste
2024-12-29,P014,13,276.72,Centro-Oeste
2024-12-29,P015,19,153.38,Norte
2024-12-29,P018,9,94.52,Centro-Oeste
2024-12-29,P011,8,555.63,Nordeste
2024-12-29,P010,16,173.21,Centro-Oeste
2024-12-29,P015,12,615.46,Sul
2024-12-29,P010,8,609.96,Centro-Oeste
2024-12-29,P011,1,455.23,Centro-Oeste
2024-12-29,P008,2,115.59,Sul
2024-12-29,P012,9,284.76,Nordeste
2024-12-29,P017,20,791.96,Sul
2024-12-29,P002,13,269.38,Sudeste
2024-12-29,P002,18,142.98,Sul
2024-12-29,P012,2,679.84,Sul
2024-12-29,P008,20,144.78,Nordeste
2024-12-29,P011,4,145.81,Centro-Oeste
2024-12-29,P005,13,224.3,Nordeste
2024-12-29,P017,11,307.71,Nordeste
2024-12-29,P009,12,616.92,Nordeste
2024-12-29,P016,11,277.61,Centro-Oeste
2024-12-29,P001,6,166.63,Sudeste
2024-12-29,P003,8,209.47,Norte
2024-12-29,P005,12,428.29,Centro-Oeste
2024-12-29,P013,7,471.81,Nordeste
2024-12-29,P008,15,673.43,Sul
2024-12-29,P015,10,479.56,Sul
2024-12-29,P002,13,314.9,Sudeste
